2026/10/08 18:32:28.754, P8, 210, 4.72, 251, 6
2026/10/08 18:32:28.863, P8, 210, 4.72, 251, 6
2026/10/08 18:32:28.972, P8, 210, 4.72, 251, 6
2026/10/08 18:32:29.080, P8, 210, 4.72, 251, 6
2026/10/08 18:32:29.188, P8, 210, 4.72, 251, 6
2026/10/08 18:32:29.296, P8, 210, 4.63, 251, 0
2026/10/08 18:32:29.405, P8, 210, 4.63, 251, 0
2026/10/08 18:32:29.512, P8, 210, 4.63, 251, 0
2026/10/08 18:32:29.620, P8, 210, 4.63, 251, 0
2026/10/08 18:32:29.729, P8, 210, 4.70, 251, 0
2026/10/08 18:32:29.837, P8, 210, 4.70, 251, 0
2026/10/08 18:32:29.945, P8, 210, 4.70, 251, 0
2026/10/08 18:32:30.054, P8, 210, 4.70, 251, 0
2026/10/08 18:32:30.162, P8, 210, 4.70, 251, 0
2026/10/08 18:32:30.269, P8, 210, 4.67, 251, 6
2026/10/08 18:32:30.377, P8, 210, 4.67, 251, 6
2026/10/08 18:32:30.485, P8, 210, 4.67, 251, 6
2026/10/08 18:32:30.592, P8, 210, 4.67, 251, 6
2026/10/08 18:32:30.700, P8, 210, 4.60, 251, 0
2026/10/08 18:32:30.808, P8, 210, 4.60, 251, 0
2026/10/08 18:32:30.916, P8, 210, 4.60, 251, 0
2026/10/08 18:32:31.024, P8, 210, 4.60, 251, 0
2026/10/08 18:32:31.133, P8, 210, 4.60, 251, 0
2026/10/08 18:32:31.242, P8, 210, 4.39, 251, 6
2026/10/08 18:32:31.350, P8, 210, 4.39, 251, 6
2026/10/08 18:32:31.458, P8, 210, 4.39, 251, 6
2026/10/08 18:32:31.566, P8, 210, 4.39, 251, 6
2026/10/08 18:32:31.675, P8, 210, 4.39, 251, 6
2026/10/08 18:32:31.782, P8, 210, 4.59, 251, 0
2026/10/08 18:32:31.891, P8, 210, 4.59, 251, 0
2026/10/08 18:32:31.999, P8, 210, 4.59, 251, 0
2026/10/08 18:32:32.107, P8, 210, 4.59, 251, 0
2026/10/08 18:32:32.216, P8, 210, 4.67, 251, 0
2026/10/08 18:32:32.324, P8, 210, 4.67, 251, 0
2026/10/08 18:32:32.433, P8, 210, 4.67, 251, 0
2026/10/08 18:32:32.540, P8, 210, 4.67, 251, 0
2026/10/08 18:32:32.648, P8, 210, 4.67, 251, 0
2026/10/08 18:32:32.756, P8, 210, 5.28, 251, 6
2026/10/08 18:32:32.864, P8, 210, 5.28, 251, 6
2026/10/08 18:32:32.972, P8, 210, 5.28, 251, 6
2026/10/08 18:32:33.081, P8, 210, 5.28, 251, 6
2026/10/08 18:32:33.189, P8, 210, 5.28, 251, 6
2026/10/08 18:32:33.297, P8, 210, 4.76, 251, 0
2026/10/08 18:32:33.406, P8, 210, 4.76, 251, 0
2026/10/08 18:32:33.514, P8, 210, 4.76, 251, 0
2026/10/08 18:32:33.622, P8, 210, 4.76, 251, 0
2026/10/08 18:32:33.730, P8, 210, 4.66, 251, 6
2026/10/08 18:32:33.839, P8, 210, 4.66, 251, 6
2026/10/08 18:32:33.947, P8, 210, 4.66, 251, 6
2026/10/08 18:32:34.056, P8, 210, 4.66, 251, 6
2026/10/08 18:32:34.164, P8, 210, 4.66, 251, 6
2026/10/08 18:32:34.273, P8, 210, 4.62, 251, 0
2026/10/08 18:32:34.381, P8, 210, 4.62, 251, 0
2026/10/08 18:32:34.489, P8, 210, 4.62, 251, 0
2026/10/08 18:32:34.597, P8, 210, 4.62, 251, 0
2026/10/08 18:32:34.706, P8, 210, 4.69, 251, 0
2026/10/08 18:32:34.814, P8, 210, 4.69, 251, 0
2026/10/08 18:32:34.922, P8, 210, 4.69, 251, 0
