timestamp, name, memory.total [MiB], memory.used [MiB], memory.free [MiB], utilization.gpu [%], utilization.memory [%], temperature.gpu, power.draw [W], clocks.current.sm [MHz], clocks.current.memory [MHz]
2026/10/04 13:51:00.369, NVIDIA GeForce RTX 4060 Laptop GPU, 8188 MiB, 1877 MiB, 6080 MiB, 0 %, 31 %, 52, 4.81 W, 210 MHz, 405 MHz
2026/10/04 13:51:01.372, NVIDIA GeForce RTX 4060 Laptop GPU, 8188 MiB, 1877 MiB, 6080 MiB, 2 %, 33 %, 52, 5.06 W, 210 MHz, 405 MHz
2026/10/04 13:51:02.374, NVIDIA GeForce RTX 4060 Laptop GPU, 8188 MiB, 1877 MiB, 6080 MiB, 6 %, 28 %, 52, 5.27 W, 210 MHz, 405 MHz
2026/10/04 13:51:03.378, NVIDIA GeForce RTX 4060 Laptop GPU, 8188 MiB, 1877 MiB, 6080 MiB, 6 %, 25 %, 52, 4.93 W, 210 MHz, 405 MHz
2026/10/04 13:51:04.393, NVIDIA GeForce RTX 4060 Laptop GPU, 8188 MiB, 1877 MiB, 6080 MiB, 6 %, 36 %, 52, 4.91 W, 210 MHz, 405 MHz
2026/10/04 13:51:05.395, NVIDIA GeForce RTX 4060 Laptop GPU, 8188 MiB, 1877 MiB, 6080 MiB, 1 %, 22 %, 52, 4.89 W, 210 MHz, 405 MHz
2026/10/04 13:51:06.397, NVIDIA GeForce RTX 4060 Laptop GPU, 8188 MiB, 1877 MiB, 6080 MiB, 0 %, 22 %, 52, 4.97 W, 210 MHz, 405 MHz
2026/10/04 13:51:07.399, NVIDIA GeForce RTX 4060 Laptop GPU, 8188 MiB, 1877 MiB, 6080 MiB, 5 %, 39 %, 52, 4.87 W, 210 MHz, 405 MHz
2026/10/04 13:51:08.404, NVIDIA GeForce RTX 4060 Laptop GPU, 8188 MiB, 1877 MiB, 6080 MiB, 6 %, 30 %, 52, 4.88 W, 210 MHz, 405 MHz
2026/10/04 13:51:09.408, NVIDIA GeForce RTX 4060 Laptop GPU, 8188 MiB, 1877 MiB, 6080 MiB, 6 %, 24 %, 52, 4.89 W, 210 MHz, 405 MHz
2026/10/04 13:51:10.414, NVIDIA GeForce RTX 4060 Laptop GPU, 8188 MiB, 1877 MiB, 6080 MiB, 0 %, 35 %, 52, 4.93 W, 210 MHz, 405 MHz
2026/10/04 13:51:11.418, NVIDIA GeForce RTX 4060 Laptop GPU, 8188 MiB, 1877 MiB, 6080 MiB, 0 %, 42 %, 52, 4.83 W, 210 MHz, 405 MHz
2026/10/04 13:51:12.426, NVIDIA GeForce RTX 4060 Laptop GPU, 8188 MiB, 1877 MiB, 6080 MiB, 0 %, 24 %, 52, 4.88 W, 210 MHz, 405 MHz
2026/10/04 13:51:13.429, NVIDIA GeForce RTX 4060 Laptop GPU, 8188 MiB, 1877 MiB, 6080 MiB, 6 %, 33 %, 52, 4.90 W, 210 MHz, 405 MHz
2026/10/04 13:51:14.431, NVIDIA GeForce RTX 4060 Laptop GPU, 8188 MiB, 1877 MiB, 6080 MiB, 6 %, 33 %, 53, 4.91 W, 210 MHz, 405 MHz
2026/10/04 13:51:15.436, NVIDIA GeForce RTX 4060 Laptop GPU, 8188 MiB, 1877 MiB, 6080 MiB, 98 %, 84 %, 53, 5.86 W, 375 MHz, 405 MHz
2026/10/04 13:51:16.437, NVIDIA GeForce RTX 4060 Laptop GPU, 8188 MiB, 1877 MiB, 6080 MiB, 0 %, 1 %, 55, 16.35 W, 2400 MHz, 7001 MHz
2026/10/04 13:51:17.441, NVIDIA GeForce RTX 4060 Laptop GPU, 8188 MiB, 1877 MiB, 6080 MiB, 0 %, 1 %, 55, 16.44 W, 2400 MHz, 7001 MHz
2026/10/04 13:51:18.441, NVIDIA GeForce RTX 4060 Laptop GPU, 8188 MiB, 1877 MiB, 6080 MiB, 2 %, 1 %, 54, 10.14 W, 360 MHz, 6001 MHz
2026/10/04 13:51:19.443, NVIDIA GeForce RTX 4060 Laptop GPU, 8188 MiB, 1877 MiB, 6080 MiB, 60 %, 26 %, 54, 10.83 W, 360 MHz, 6001 MHz
2026/10/04 13:51:20.444, NVIDIA GeForce RTX 4060 Laptop GPU, 8188 MiB, 1877 MiB, 6080 MiB, 40 %, 21 %, 54, 10.43 W, 525 MHz, 6001 MHz
2026/10/04 13:51:21.446, NVIDIA GeForce RTX 4060 Laptop GPU, 8188 MiB, 1877 MiB, 6080 MiB, 74 %, 26 %, 54, 10.43 W, 315 MHz, 6001 MHz
2026/10/04 13:51:22.452, NVIDIA GeForce RTX 4060 Laptop GPU, 8188 MiB, 1877 MiB, 6080 MiB, 76 %, 35 %, 55, 10.76 W, 420 MHz, 6001 MHz
2026/10/04 13:51:23.455, NVIDIA GeForce RTX 4060 Laptop GPU, 8188 MiB, 1877 MiB, 6080 MiB, 37 %, 22 %, 55, 10.58 W, 570 MHz, 6001 MHz
2026/10/04 13:51:24.469, NVIDIA GeForce RTX 4060 Laptop GPU, 8188 MiB, 1877 MiB, 6080 MiB, 65 %, 25 %, 55, 10.39 W, 330 MHz, 6001 MHz
2026/10/04 13:51:25.473, NVIDIA GeForce RTX 4060 Laptop GPU, 8188 MiB, 1877 MiB, 6080 MiB, 92 %, 82 %, 54, 9.70 W, 435 MHz, 810 MHz
2026/10/04 13:51:26.475, NVIDIA GeForce RTX 4060 Laptop GPU, 8188 MiB, 1877 MiB, 6080 MiB, 13 %, 12 %, 56, 12.85 W, 1890 MHz, 7001 MHz
2026/10/04 13:51:27.480, NVIDIA GeForce RTX 4060 Laptop GPU, 8188 MiB, 1877 MiB, 6080 MiB, 11 %, 10 %, 56, 13.56 W, 1890 MHz, 7001 MHz
2026/10/04 13:51:28.485, NVIDIA GeForce RTX 4060 Laptop GPU, 8188 MiB, 1877 MiB, 6080 MiB, 32 %, 22 %, 55, 10.86 W, 720 MHz, 6001 MHz
2026/10/04 13:51:29.488, NVIDIA GeForce RTX 4060 Laptop GPU, 8188 MiB, 1877 MiB, 6080 MiB, 90 %, 82 %, 55, 9.94 W, 495 MHz, 810 MHz
2026/10/04 13:51:30.501, NVIDIA GeForce RTX 4060 Laptop GPU, 8188 MiB, 1877 MiB, 6080 MiB, 20 %, 18 %, 57, 13.41 W, 1890 MHz, 7001 MHz
2026/10/04 13:51:31.516, NVIDIA GeForce RTX 4060 Laptop GPU, 8188 MiB, 1877 MiB, 6080 MiB, 21 %, 19 %, 57, 14.02 W, 1890 MHz, 7001 MHz
2026/10/04 13:51:32.528, NVIDIA GeForce RTX 4060 Laptop GPU, 8188 MiB, 1877 MiB, 6080 MiB, 27 %, 18 %, 56, 11.66 W, 810 MHz, 6001 MHz
2026/10/04 13:51:33.534, NVIDIA GeForce RTX 4060 Laptop GPU, 8188 MiB, 1877 MiB, 6080 MiB, 63 %, 36 %, 55, 10.56 W, 555 MHz, 6001 MHz
2026/10/04 13:51:34.535, NVIDIA GeForce RTX 4060 Laptop GPU, 8188 MiB, 1877 MiB, 6080 MiB, 43 %, 28 %, 55, 10.65 W, 645 MHz, 6001 MHz
2026/10/04 13:51:35.541, NVIDIA GeForce RTX 4060 Laptop GPU, 8188 MiB, 1877 MiB, 6080 MiB, 71 %, 31 %, 55, 10.61 W, 390 MHz, 6001 MHz
2026/10/04 13:51:36.542, NVIDIA GeForce RTX 4060 Laptop GPU, 8188 MiB, 1877 MiB, 6080 MiB, 70 %, 37 %, 55, 10.76 W, 510 MHz, 6001 MHz
2026/10/04 13:51:37.542, NVIDIA GeForce RTX 4060 Laptop GPU, 8188 MiB, 1877 MiB, 6080 MiB, 44 %, 27 %, 56, 10.64 W, 630 MHz, 6001 MHz
2026/10/04 13:51:38.545, NVIDIA GeForce RTX 4060 Laptop GPU, 8188 MiB, 1877 MiB, 6080 MiB, 65 %, 29 %, 55, 10.54 W, 390 MHz, 6001 MHz
2026/10/04 13:51:39.546, NVIDIA GeForce RTX 4060 Laptop GPU, 8188 MiB, 1877 MiB, 6080 MiB, 62 %, 32 %, 56, 10.64 W, 480 MHz, 6001 MHz
2026/10/04 13:51:40.561, NVIDIA GeForce RTX 4060 Laptop GPU, 8188 MiB, 1877 MiB, 6080 MiB, 45 %, 26 %, 56, 10.59 W, 540 MHz, 6001 MHz
2026/10/04 13:51:41.563, NVIDIA GeForce RTX 4060 Laptop GPU, 8188 MiB, 1877 MiB, 6080 MiB, 94 %, 81 %, 55, 10.00 W, 345 MHz, 810 MHz
2026/10/04 13:51:42.578, NVIDIA GeForce RTX 4060 Laptop GPU, 8188 MiB, 1877 MiB, 6080 MiB, 32 %, 28 %, 58, 13.61 W, 1890 MHz, 7001 MHz
2026/10/04 13:51:43.593, NVIDIA GeForce RTX 4060 Laptop GPU, 8188 MiB, 1877 MiB, 6080 MiB, 31 %, 28 %, 58, 14.39 W, 1890 MHz, 7001 MHz
2026/10/04 13:51:44.596, NVIDIA GeForce RTX 4060 Laptop GPU, 8188 MiB, 1877 MiB, 6080 MiB, 40 %, 28 %, 56, 11.67 W, 900 MHz, 6001 MHz
2026/10/04 13:51:45.599, NVIDIA GeForce RTX 4060 Laptop GPU, 8188 MiB, 1877 MiB, 6080 MiB, 56 %, 35 %, 56, 10.75 W, 615 MHz, 6001 MHz
2026/10/04 13:51:46.601, NVIDIA GeForce RTX 4060 Laptop GPU, 8188 MiB, 1877 MiB, 6080 MiB, 64 %, 40 %, 56, 10.76 W, 660 MHz, 6001 MHz
2026/10/04 13:51:47.602, NVIDIA GeForce RTX 4060 Laptop GPU, 8188 MiB, 1877 MiB, 6080 MiB, 53 %, 34 %, 56, 10.83 W, 690 MHz, 6001 MHz
2026/10/04 13:51:48.605, NVIDIA GeForce RTX 4060 Laptop GPU, 8188 MiB, 1877 MiB, 6080 MiB, 55 %, 36 %, 56, 10.76 W, 705 MHz, 6001 MHz
2026/10/04 13:51:49.608, NVIDIA GeForce RTX 4060 Laptop GPU, 8188 MiB, 1877 MiB, 6080 MiB, 0 %, 1 %, 56, 10.62 W, 510 MHz, 6001 MHz
2026/10/04 13:51:50.612, NVIDIA GeForce RTX 4060 Laptop GPU, 8188 MiB, 1877 MiB, 6080 MiB, 0 %, 8 %, 55, 9.00 W, 330 MHz, 810 MHz
2026/10/04 13:51:51.617, NVIDIA GeForce RTX 4060 Laptop GPU, 8188 MiB, 1877 MiB, 6080 MiB, 1 %, 1 %, 57, 10.40 W, 1890 MHz, 7001 MHz
2026/10/04 13:51:52.619, NVIDIA GeForce RTX 4060 Laptop GPU, 8188 MiB, 1877 MiB, 6080 MiB, 1 %, 1 %, 57, 13.29 W, 1890 MHz, 7001 MHz
2026/10/04 13:51:53.624, NVIDIA GeForce RTX 4060 Laptop GPU, 8188 MiB, 1877 MiB, 6080 MiB, 1 %, 1 %, 56, 11.84 W, 870 MHz, 6001 MHz
2026/10/04 13:51:54.627, NVIDIA GeForce RTX 4060 Laptop GPU, 8188 MiB, 1877 MiB, 6080 MiB, 0 %, 1 %, 56, 10.17 W, 600 MHz, 6001 MHz
2026/10/04 13:51:55.630, NVIDIA GeForce RTX 4060 Laptop GPU, 8188 MiB, 1877 MiB, 6080 MiB, 0 %, 1 %, 56, 9.99 W, 420 MHz, 6001 MHz
2026/10/04 13:51:56.631, NVIDIA GeForce RTX 4060 Laptop GPU, 8188 MiB, 1877 MiB, 6080 MiB, 2 %, 1 %, 56, 10.07 W, 300 MHz, 6001 MHz
2026/10/04 13:51:57.636, NVIDIA GeForce RTX 4060 Laptop GPU, 8188 MiB, 1877 MiB, 6080 MiB, 2 %, 1 %, 56, 10.18 W, 225 MHz, 6001 MHz
2026/10/04 13:51:58.639, NVIDIA GeForce RTX 4060 Laptop GPU, 8188 MiB, 1877 MiB, 6080 MiB, 1 %, 1 %, 57, 10.64 W, 1890 MHz, 7001 MHz
2026/10/04 13:51:59.641, NVIDIA GeForce RTX 4060 Laptop GPU, 8188 MiB, 1877 MiB, 6080 MiB, 0 %, 1 %, 58, 14.06 W, 1890 MHz, 8001 MHz
2026/10/04 13:52:00.642, NVIDIA GeForce RTX 4060 Laptop GPU, 8188 MiB, 1877 MiB, 6080 MiB, 0 %, 1 %, 57, 12.16 W, 930 MHz, 6001 MHz
2026/10/04 13:52:01.644, NVIDIA GeForce RTX 4060 Laptop GPU, 8188 MiB, 1877 MiB, 6080 MiB, 2 %, 1 %, 57, 10.14 W, 630 MHz, 6001 MHz
2026/10/04 13:52:02.647, NVIDIA GeForce RTX 4060 Laptop GPU, 8188 MiB, 1877 MiB, 6080 MiB, 2 %, 1 %, 57, 10.24 W, 450 MHz, 6001 MHz
2026/10/04 13:52:03.661, NVIDIA GeForce RTX 4060 Laptop GPU, 8188 MiB, 1877 MiB, 6080 MiB, 2 %, 1 %, 57, 10.26 W, 330 MHz, 6001 MHz
2026/10/04 13:52:04.663, NVIDIA GeForce RTX 4060 Laptop GPU, 8188 MiB, 1877 MiB, 6080 MiB, 3 %, 1 %, 57, 10.25 W, 240 MHz, 6001 MHz
2026/10/04 13:52:05.667, NVIDIA GeForce RTX 4060 Laptop GPU, 8188 MiB, 1877 MiB, 6080 MiB, 0 %, 1 %, 58, 11.32 W, 1890 MHz, 7001 MHz
2026/10/04 13:52:06.670, NVIDIA GeForce RTX 4060 Laptop GPU, 8188 MiB, 1877 MiB, 6080 MiB, 0 %, 1 %, 58, 13.58 W, 1890 MHz, 7001 MHz
2026/10/04 13:52:07.672, NVIDIA GeForce RTX 4060 Laptop GPU, 8188 MiB, 1877 MiB, 6080 MiB, 1 %, 1 %, 57, 12.18 W, 885 MHz, 6001 MHz
2026/10/04 13:52:08.674, NVIDIA GeForce RTX 4060 Laptop GPU, 8188 MiB, 1877 MiB, 6080 MiB, 2 %, 1 %, 57, 10.27 W, 615 MHz, 6001 MHz
2026/10/04 13:52:09.676, NVIDIA GeForce RTX 4060 Laptop GPU, 8188 MiB, 1877 MiB, 6080 MiB, 0 %, 1 %, 57, 10.09 W, 465 MHz, 6001 MHz
2026/10/04 13:52:10.680, NVIDIA GeForce RTX 4060 Laptop GPU, 8188 MiB, 1877 MiB, 6080 MiB, 93 %, 81 %, 57, 9.65 W, 330 MHz, 810 MHz
2026/10/04 13:52:11.682, NVIDIA GeForce RTX 4060 Laptop GPU, 8188 MiB, 1877 MiB, 6080 MiB, 0 %, 1 %, 59, 12.81 W, 1890 MHz, 7001 MHz
2026/10/04 13:52:12.683, NVIDIA GeForce RTX 4060 Laptop GPU, 8188 MiB, 1877 MiB, 6080 MiB, 0 %, 1 %, 59, 13.59 W, 1305 MHz, 7001 MHz
2026/10/04 13:52:13.685, NVIDIA GeForce RTX 4060 Laptop GPU, 8188 MiB, 1877 MiB, 6080 MiB, 17 %, 13 %, 58, 10.93 W, 885 MHz, 6001 MHz
2026/10/04 13:52:14.686, NVIDIA GeForce RTX 4060 Laptop GPU, 8188 MiB, 1877 MiB, 6080 MiB, 19 %, 11 %, 58, 10.53 W, 615 MHz, 6001 MHz
2026/10/04 13:52:15.701, NVIDIA GeForce RTX 4060 Laptop GPU, 8188 MiB, 1877 MiB, 6080 MiB, 13 %, 7 %, 58, 10.31 W, 435 MHz, 6001 MHz
2026/10/04 13:52:16.701, NVIDIA GeForce RTX 4060 Laptop GPU, 8188 MiB, 1877 MiB, 6080 MiB, 70 %, 26 %, 58, 10.59 W, 315 MHz, 6001 MHz
2026/10/04 13:52:17.703, NVIDIA GeForce RTX 4060 Laptop GPU, 8188 MiB, 1877 MiB, 6080 MiB, 86 %, 25 %, 58, 11.00 W, 240 MHz, 6001 MHz
2026/10/04 13:52:18.704, NVIDIA GeForce RTX 4060 Laptop GPU, 8188 MiB, 1877 MiB, 6080 MiB, 66 %, 26 %, 58, 11.19 W, 345 MHz, 6001 MHz
2026/10/04 13:52:19.706, NVIDIA GeForce RTX 4060 Laptop GPU, 8188 MiB, 1877 MiB, 6080 MiB, 67 %, 25 %, 58, 10.99 W, 330 MHz, 6001 MHz
2026/10/04 13:52:20.707, NVIDIA GeForce RTX 4060 Laptop GPU, 8188 MiB, 1877 MiB, 6080 MiB, 2 %, 1 %, 58, 10.81 W, 375 MHz, 6001 MHz
2026/10/04 13:52:21.709, NVIDIA GeForce RTX 4060 Laptop GPU, 8188 MiB, 1877 MiB, 6080 MiB, 0 %, 1 %, 58, 9.36 W, 375 MHz, 6001 MHz
2026/10/04 13:52:22.711, NVIDIA GeForce RTX 4060 Laptop GPU, 8188 MiB, 1877 MiB, 6080 MiB, 0 %, 1 %, 58, 10.37 W, 300 MHz, 6001 MHz
2026/10/04 13:52:23.714, NVIDIA GeForce RTX 4060 Laptop GPU, 8188 MiB, 1877 MiB, 6080 MiB, 0 %, 1 %, 59, 10.78 W, 1890 MHz, 7001 MHz
2026/10/04 13:52:24.717, NVIDIA GeForce RTX 4060 Laptop GPU, 8188 MiB, 1877 MiB, 6080 MiB, 1 %, 1 %, 59, 13.55 W, 1890 MHz, 7001 MHz
2026/10/04 13:52:25.721, NVIDIA GeForce RTX 4060 Laptop GPU, 8188 MiB, 1877 MiB, 6080 MiB, 1 %, 1 %, 58, 12.54 W, 870 MHz, 6001 MHz
2026/10/04 13:52:26.721, NVIDIA GeForce RTX 4060 Laptop GPU, 8188 MiB, 1877 MiB, 6080 MiB, 2 %, 1 %, 58, 10.10 W, 600 MHz, 6001 MHz
2026/10/04 13:52:27.734, NVIDIA GeForce RTX 4060 Laptop GPU, 8188 MiB, 1877 MiB, 6080 MiB, 0 %, 1 %, 58, 10.08 W, 420 MHz, 6001 MHz
2026/10/04 13:52:28.749, NVIDIA GeForce RTX 4060 Laptop GPU, 8188 MiB, 1877 MiB, 6080 MiB, 0 %, 1 %, 58, 10.16 W, 300 MHz, 6001 MHz
2026/10/04 13:52:29.749, NVIDIA GeForce RTX 4060 Laptop GPU, 8188 MiB, 1877 MiB, 6080 MiB, 1 %, 1 %, 59, 10.72 W, 1890 MHz, 7001 MHz
2026/10/04 13:52:30.752, NVIDIA GeForce RTX 4060 Laptop GPU, 8188 MiB, 1877 MiB, 6080 MiB, 1 %, 1 %, 59, 13.55 W, 1890 MHz, 7001 MHz
2026/10/04 13:52:31.767, NVIDIA GeForce RTX 4060 Laptop GPU, 8188 MiB, 1877 MiB, 6080 MiB, 1 %, 1 %, 59, 12.67 W, 900 MHz, 6001 MHz
2026/10/04 13:52:32.771, NVIDIA GeForce RTX 4060 Laptop GPU, 8188 MiB, 1877 MiB, 6080 MiB, 0 %, 1 %, 58, 10.24 W, 615 MHz, 6001 MHz
2026/10/04 13:52:33.775, NVIDIA GeForce RTX 4060 Laptop GPU, 8188 MiB, 1877 MiB, 6080 MiB, 0 %, 1 %, 58, 10.35 W, 450 MHz, 6001 MHz
2026/10/04 13:52:34.789, NVIDIA GeForce RTX 4060 Laptop GPU, 8188 MiB, 1877 MiB, 6080 MiB, 2 %, 1 %, 58, 10.30 W, 330 MHz, 6001 MHz
2026/10/04 13:52:35.792, NVIDIA GeForce RTX 4060 Laptop GPU, 8188 MiB, 1877 MiB, 6080 MiB, 2 %, 1 %, 58, 10.35 W, 315 MHz, 6001 MHz
2026/10/04 13:52:36.795, NVIDIA GeForce RTX 4060 Laptop GPU, 8188 MiB, 1877 MiB, 6080 MiB, 2 %, 1 %, 58, 10.53 W, 405 MHz, 6001 MHz
2026/10/04 13:52:37.797, NVIDIA GeForce RTX 4060 Laptop GPU, 8188 MiB, 1877 MiB, 6080 MiB, 0 %, 1 %, 59, 10.32 W, 405 MHz, 6001 MHz
2026/10/04 13:52:38.798, NVIDIA GeForce RTX 4060 Laptop GPU, 8188 MiB, 1877 MiB, 6080 MiB, 0 %, 1 %, 59, 10.34 W, 285 MHz, 6001 MHz
2026/10/04 13:52:39.813, NVIDIA GeForce RTX 4060 Laptop GPU, 8188 MiB, 1877 MiB, 6080 MiB, 0 %, 1 %, 59, 10.70 W, 420 MHz, 6001 MHz
2026/10/04 13:52:40.815, NVIDIA GeForce RTX 4060 Laptop GPU, 8188 MiB, 1877 MiB, 6080 MiB, 2 %, 1 %, 59, 10.27 W, 420 MHz, 6001 MHz
2026/10/04 13:52:41.819, NVIDIA GeForce RTX 4060 Laptop GPU, 8188 MiB, 1877 MiB, 6080 MiB, 2 %, 1 %, 59, 10.25 W, 270 MHz, 6001 MHz
2026/10/04 13:52:42.824, NVIDIA GeForce RTX 4060 Laptop GPU, 8188 MiB, 1877 MiB, 6080 MiB, 0 %, 1 %, 59, 10.53 W, 360 MHz, 6001 MHz
2026/10/04 13:52:43.826, NVIDIA GeForce RTX 4060 Laptop GPU, 8188 MiB, 1877 MiB, 6080 MiB, 0 %, 1 %, 59, 10.26 W, 360 MHz, 6001 MHz
2026/10/04 13:52:44.827, NVIDIA GeForce RTX 4060 Laptop GPU, 8188 MiB, 1877 MiB, 6080 MiB, 0 %, 1 %, 59, 10.51 W, 375 MHz, 6001 MHz
2026/10/04 13:52:45.832, NVIDIA GeForce RTX 4060 Laptop GPU, 8188 MiB, 1877 MiB, 6080 MiB, 2 %, 1 %, 59, 10.55 W, 420 MHz, 6001 MHz
2026/10/04 13:52:46.833, NVIDIA GeForce RTX 4060 Laptop GPU, 8188 MiB, 1877 MiB, 6080 MiB, 2 %, 1 %, 59, 10.42 W, 420 MHz, 6001 MHz
2026/10/04 13:52:47.836, NVIDIA GeForce RTX 4060 Laptop GPU, 8188 MiB, 1877 MiB, 6080 MiB, 0 %, 1 %, 59, 10.28 W, 270 MHz, 6001 MHz
2026/10/04 13:52:48.838, NVIDIA GeForce RTX 4060 Laptop GPU, 8188 MiB, 1877 MiB, 6080 MiB, 0 %, 1 %, 60, 11.62 W, 1890 MHz, 7001 MHz
2026/10/04 13:52:49.838, NVIDIA GeForce RTX 4060 Laptop GPU, 8188 MiB, 1877 MiB, 6080 MiB, 0 %, 1 %, 60, 14.10 W, 1890 MHz, 7001 MHz
2026/10/04 13:52:50.840, NVIDIA GeForce RTX 4060 Laptop GPU, 8188 MiB, 1877 MiB, 6080 MiB, 1 %, 1 %, 59, 12.85 W, 915 MHz, 6001 MHz
2026/10/04 13:52:51.843, NVIDIA GeForce RTX 4060 Laptop GPU, 8188 MiB, 1877 MiB, 6080 MiB, 2 %, 1 %, 59, 11.14 W, 705 MHz, 6001 MHz
2026/10/04 13:52:52.858, NVIDIA GeForce RTX 4060 Laptop GPU, 8188 MiB, 1877 MiB, 6080 MiB, 0 %, 1 %, 59, 9.40 W, 450 MHz, 6001 MHz
2026/10/04 13:52:53.858, NVIDIA GeForce RTX 4060 Laptop GPU, 8188 MiB, 1877 MiB, 6080 MiB, 36 %, 7 %, 60, 9.61 W, 285 MHz, 6001 MHz
2026/10/04 13:52:54.859, NVIDIA GeForce RTX 4060 Laptop GPU, 8188 MiB, 1877 MiB, 6080 MiB, 33 %, 10 %, 60, 10.53 W, 435 MHz, 6001 MHz
2026/10/04 13:52:55.859, NVIDIA GeForce RTX 4060 Laptop GPU, 8188 MiB, 1877 MiB, 6080 MiB, 40 %, 35 %, 59, 9.78 W, 465 MHz, 810 MHz
2026/10/04 13:52:56.863, NVIDIA GeForce RTX 4060 Laptop GPU, 8188 MiB, 1877 MiB, 6080 MiB, 20 %, 15 %, 62, 12.69 W, 1890 MHz, 7001 MHz
2026/10/04 13:52:57.866, NVIDIA GeForce RTX 4060 Laptop GPU, 8188 MiB, 1877 MiB, 6080 MiB, 20 %, 16 %, 62, 14.54 W, 1890 MHz, 7001 MHz
2026/10/04 13:52:58.869, NVIDIA GeForce RTX 4060 Laptop GPU, 8188 MiB, 1877 MiB, 6080 MiB, 21 %, 8 %, 60, 11.47 W, 765 MHz, 6001 MHz
2026/10/04 13:52:59.870, NVIDIA GeForce RTX 4060 Laptop GPU, 8188 MiB, 1877 MiB, 6080 MiB, 39 %, 36 %, 60, 10.10 W, 525 MHz, 810 MHz
2026/10/04 13:53:00.873, NVIDIA GeForce RTX 4060 Laptop GPU, 8188 MiB, 1877 MiB, 6080 MiB, 23 %, 18 %, 62, 12.80 W, 1890 MHz, 7001 MHz
2026/10/04 13:53:01.878, NVIDIA GeForce RTX 4060 Laptop GPU, 8188 MiB, 1877 MiB, 6080 MiB, 23 %, 18 %, 62, 14.35 W, 1890 MHz, 7001 MHz
2026/10/04 13:53:02.880, NVIDIA GeForce RTX 4060 Laptop GPU, 8188 MiB, 1877 MiB, 6080 MiB, 26 %, 12 %, 60, 10.88 W, 750 MHz, 6001 MHz
2026/10/04 13:53:03.881, NVIDIA GeForce RTX 4060 Laptop GPU, 8188 MiB, 1877 MiB, 6080 MiB, 27 %, 10 %, 60, 10.33 W, 525 MHz, 6001 MHz
2026/10/04 13:53:04.888, NVIDIA GeForce RTX 4060 Laptop GPU, 8188 MiB, 1877 MiB, 6080 MiB, 26 %, 10 %, 60, 10.46 W, 585 MHz, 6001 MHz
2026/10/04 13:53:05.893, NVIDIA GeForce RTX 4060 Laptop GPU, 8188 MiB, 1877 MiB, 6080 MiB, 30 %, 12 %, 60, 10.63 W, 705 MHz, 6001 MHz
2026/10/04 13:53:06.895, NVIDIA GeForce RTX 4060 Laptop GPU, 8188 MiB, 1877 MiB, 6080 MiB, 33 %, 10 %, 60, 10.41 W, 450 MHz, 6001 MHz
2026/10/04 13:53:07.898, NVIDIA GeForce RTX 4060 Laptop GPU, 8188 MiB, 1877 MiB, 6080 MiB, 24 %, 8 %, 60, 10.45 W, 525 MHz, 6001 MHz
2026/10/04 13:53:08.900, NVIDIA GeForce RTX 4060 Laptop GPU, 8188 MiB, 1877 MiB, 6080 MiB, 23 %, 10 %, 61, 10.63 W, 675 MHz, 6001 MHz
2026/10/04 13:53:09.904, NVIDIA GeForce RTX 4060 Laptop GPU, 8188 MiB, 1877 MiB, 6080 MiB, 28 %, 8 %, 61, 10.44 W, 435 MHz, 6001 MHz
2026/10/04 13:53:10.920, NVIDIA GeForce RTX 4060 Laptop GPU, 8188 MiB, 1877 MiB, 6080 MiB, 28 %, 10 %, 61, 10.60 W, 555 MHz, 6001 MHz
2026/10/04 13:53:11.921, NVIDIA GeForce RTX 4060 Laptop GPU, 8188 MiB, 1877 MiB, 6080 MiB, 29 %, 13 %, 61, 10.64 W, 675 MHz, 6001 MHz
2026/10/04 13:53:12.935, NVIDIA GeForce RTX 4060 Laptop GPU, 8188 MiB, 1877 MiB, 6080 MiB, 30 %, 8 %, 61, 10.45 W, 420 MHz, 6001 MHz
2026/10/04 13:53:13.938, NVIDIA GeForce RTX 4060 Laptop GPU, 8188 MiB, 1877 MiB, 6080 MiB, 27 %, 10 %, 61, 10.52 W, 525 MHz, 6001 MHz
2026/10/04 13:53:14.942, NVIDIA GeForce RTX 4060 Laptop GPU, 8188 MiB, 1877 MiB, 6080 MiB, 25 %, 10 %, 61, 10.48 W, 570 MHz, 6001 MHz
2026/10/04 13:53:15.957, NVIDIA GeForce RTX 4060 Laptop GPU, 8188 MiB, 1877 MiB, 6080 MiB, 30 %, 7 %, 61, 10.36 W, 360 MHz, 6001 MHz
2026/10/04 13:53:16.963, NVIDIA GeForce RTX 4060 Laptop GPU, 8188 MiB, 1877 MiB, 6080 MiB, 28 %, 10 %, 61, 10.69 W, 540 MHz, 6001 MHz
2026/10/04 13:53:17.963, NVIDIA GeForce RTX 4060 Laptop GPU, 8188 MiB, 1877 MiB, 6080 MiB, 22 %, 10 %, 61, 10.65 W, 705 MHz, 6001 MHz
2026/10/04 13:53:18.966, NVIDIA GeForce RTX 4060 Laptop GPU, 8188 MiB, 1877 MiB, 6080 MiB, 24 %, 12 %, 61, 10.54 W, 750 MHz, 6001 MHz
2026/10/04 13:53:19.967, NVIDIA GeForce RTX 4060 Laptop GPU, 8188 MiB, 1877 MiB, 6080 MiB, 25 %, 7 %, 61, 10.33 W, 450 MHz, 6001 MHz
2026/10/04 13:53:20.968, NVIDIA GeForce RTX 4060 Laptop GPU, 8188 MiB, 1877 MiB, 6080 MiB, 28 %, 11 %, 61, 10.67 W, 600 MHz, 6001 MHz
2026/10/04 13:53:21.969, NVIDIA GeForce RTX 4060 Laptop GPU, 8188 MiB, 1877 MiB, 6080 MiB, 24 %, 10 %, 61, 10.55 W, 690 MHz, 6001 MHz
2026/10/04 13:53:22.970, NVIDIA GeForce RTX 4060 Laptop GPU, 8188 MiB, 1877 MiB, 6080 MiB, 22 %, 9 %, 61, 10.52 W, 735 MHz, 6001 MHz
2026/10/04 13:53:23.974, NVIDIA GeForce RTX 4060 Laptop GPU, 8188 MiB, 1877 MiB, 6080 MiB, 0 %, 1 %, 60, 11.06 W, 810 MHz, 6001 MHz
2026/10/04 13:53:24.989, NVIDIA GeForce RTX 4060 Laptop GPU, 8188 MiB, 1877 MiB, 6080 MiB, 0 %, 1 %, 60, 9.49 W, 240 MHz, 6001 MHz
2026/10/04 13:53:25.991, NVIDIA GeForce RTX 4060 Laptop GPU, 8188 MiB, 1877 MiB, 6080 MiB, 2 %, 1 %, 60, 10.40 W, 330 MHz, 6001 MHz
2026/10/04 13:53:26.991, NVIDIA GeForce RTX 4060 Laptop GPU, 8188 MiB, 1877 MiB, 6080 MiB, 1 %, 1 %, 61, 11.07 W, 1890 MHz, 7001 MHz
2026/10/04 13:53:28.007, NVIDIA GeForce RTX 4060 Laptop GPU, 8188 MiB, 1877 MiB, 6080 MiB, 1 %, 1 %, 62, 14.55 W, 1890 MHz, 8001 MHz
2026/10/04 13:53:29.011, NVIDIA GeForce RTX 4060 Laptop GPU, 8188 MiB, 1877 MiB, 6080 MiB, 0 %, 1 %, 61, 13.29 W, 1035 MHz, 6001 MHz
2026/10/04 13:53:30.014, NVIDIA GeForce RTX 4060 Laptop GPU, 8188 MiB, 1877 MiB, 6080 MiB, 0 %, 1 %, 61, 10.31 W, 705 MHz, 6001 MHz
2026/10/04 13:53:31.019, NVIDIA GeForce RTX 4060 Laptop GPU, 8188 MiB, 1637 MiB, 6320 MiB, 5 %, 1 %, 61, 10.11 W, 495 MHz, 6001 MHz
2026/10/04 13:53:32.024, NVIDIA GeForce RTX 4060 Laptop GPU, 8188 MiB, 1637 MiB, 6320 MiB, 2 %, 1 %, 61, 10.03 W, 435 MHz, 6001 MHz
2026/10/04 13:53:33.032, NVIDIA GeForce RTX 4060 Laptop GPU, 8188 MiB, 1637 MiB, 6320 