2026/10/08 19:13:59.840, P3, 1890, 12.00, 948, 0
2026/10/08 19:14:00.102, P3, 1890, 12.00, 948, 0
2026/10/08 19:14:00.364, P3, 1890, 12.02, 948, 0
2026/10/08 19:14:00.626, P3, 1890, 12.02, 948, 0
2026/10/08 19:14:00.888, P3, 1890, 11.98, 948, 1
2026/10/08 19:14:01.150, P3, 1890, 11.98, 948, 1
2026/10/08 19:14:01.412, P3, 1890, 11.93, 948, 0
2026/10/08 19:14:01.674, P3, 1890, 11.93, 948, 0
2026/10/08 19:14:01.938, P3, 1890, 12.05, 948, 1
2026/10/08 19:14:02.200, P3, 1890, 12.05, 948, 1
2026/10/08 19:14:02.461, P3, 1890, 13.18, 948, 0
2026/10/08 19:14:02.721, P3, 1890, 13.18, 948, 0
2026/10/08 19:14:02.984, P3, 1890, 12.10, 948, 0
2026/10/08 19:14:03.247, P3, 1890, 12.08, 948, 1
2026/10/08 19:14:03.509, P3, 1890, 12.08, 948, 1
2026/10/08 19:14:03.772, P3, 1890, 12.08, 948, 0
2026/10/08 19:14:04.035, P3, 1890, 12.08, 948, 0
2026/10/08 19:14:04.298, P3, 1890, 12.08, 948, 1
2026/10/08 19:14:04.559, P3, 1890, 12.08, 948, 1
2026/10/08 19:14:04.820, P5, 435, 11.88, 948, 0
2026/10/08 19:14:05.081, P5, 435, 11.88, 948, 0
2026/10/08 19:14:05.343, P8, 375, 9.66, 948, 0
2026/10/08 19:14:05.606, P8, 375, 9.66, 948, 0
2026/10/08 19:14:05.869, P8, 285, 6.02, 948, 6
2026/10/08 19:14:06.132, P8, 285, 6.02, 948, 6
2026/10/08 19:14:06.395, P8, 240, 4.44, 948, 0
2026/10/08 19:14:06.657, P8, 240, 4.44, 948, 0
2026/10/08 19:14:06.918, P8, 210, 4.07, 948, 6
2026/10/08 19:14:07.180, P8, 210, 4.07, 948, 6
2026/10/08 19:14:07.442, P8, 210, 3.92, 948, 0
2026/10/08 19:14:07.703, P8, 210, 3.92, 948, 0
2026/10/08 19:14:07.966, P8, 210, 3.84, 948, 4
2026/10/08 19:14:08.228, P8, 210, 3.84, 948, 4
2026/10/08 19:14:08.490, P8, 210, 3.89, 948, 6
2026/10/08 19:14:08.753, P8, 210, 3.90, 948, 0
2026/10/08 19:14:09.014, P8, 210, 3.90, 948, 0
2026/10/08 19:14:09.275, P8, 210, 3.84, 948, 6
2026/10/08 19:14:09.540, P8, 210, 3.84, 948, 6
2026/10/08 19:14:09.802, P8, 210, 3.84, 948, 0
2026/10/08 19:14:10.063, P8, 210, 3.84, 948, 0
2026/10/08 19:14:10.324, P8, 210, 3.92, 948, 6
2026/10/08 19:14:10.587, P8, 210, 3.92, 948, 6
2026/10/08 19:14:10.848, P8, 210, 3.94, 948, 6
2026/10/08 19:14:11.111, P8, 210, 3.94, 948, 6
2026/10/08 19:14:11.374, P8, 210, 3.89, 948, 0
2026/10/08 19:14:11.636, P8, 210, 3.89, 948, 0
2026/10/08 19:14:11.899, P8, 210, 3.88, 948, 6
2026/10/08 19:14:12.161, P8, 210, 3.88, 948, 6
2026/10/08 19:14:12.426, P8, 210, 3.92, 948, 0
2026/10/08 19:14:12.687, P8, 210, 3.92, 948, 0
2026/10/08 19:14:12.948, P8, 210, 3.93, 948, 6
2026/10/08 19:14:13.208, P8, 210, 3.93, 948, 6
2026/10/08 19:14:13.470, P8, 210, 3.84, 948, 6
2026/10/08 19:14:13.732, P8, 210, 3.84, 948, 6
2026/10/08 19:14:13.994, P8, 210, 3.79, 948, 0
2026/10/08 19:14:14.258, P8, 210, 3.89, 948, 6
2026/10/08 19:14:14.520, P8, 210, 3.89, 948, 6
2026/10/08 19:14:14.784, P8, 210, 3.93, 948, 0
2026/10/08 19:14:15.045, P8, 210, 3.93, 948, 0
2026/10/08 19:14:15.306, P8, 210, 3.88, 948, 6
2026/10/08 19:14:15.566, P8, 210, 3.88, 948, 6
2026/10/08 19:14:15.828, P8, 210, 3.84, 948, 6
2026/10/08 19:14:16.090, P8, 210, 3.84, 948, 6
2026/10/08 19:14:16.355, P8, 210, 3.89, 948, 0
2026/10/08 19:14:16.618, P8, 210, 3.89, 948, 0
2026/10/08 19:14:16.880, P8, 210, 3.97, 948, 6
2026/10/08 19:14:17.140, P8, 210, 3.97, 948, 6
2026/10/08 19:14:17.403, P8, 210, 3.90, 948, 0
2026/10/08 19:14:17.664, P8, 210, 3.90, 948, 0
2026/10/08 19:14:17.926, P8, 210, 3.88, 948, 6
2026/10/08 19:14:18.189, P8, 210, 3.88, 948, 6
2026/10/08 19:14:18.452, P8, 210, 3.91, 948, 6
2026/10/08 19:14:18.715, P8, 210, 3.91, 948, 6
2026/10/08 19:14:18.977, P8, 210, 3.93, 948, 0
2026/10/08 19:14:19.239, P8, 210, 3.91, 948, 6
2026/10/08 19:14:19.500, P8, 210, 3.91, 948, 6
2026/10/08 19:14:19.763, P8, 210, 3.84, 948, 0
2026/10/08 19:14:20.026, P8, 210, 3.84, 948, 0
2026/10/08 19:14:20.288, P8, 210, 3.90, 948, 6
2026/10/08 19:14:20.550, P8, 210, 3.90, 948, 6
2026/10/08 19:14:20.813, P8, 210, 4.36, 948, 94
2026/10/08 19:14:21.074, P8, 210, 4.36, 948, 94
2026/10/08 19:14:21.337, P3, 1890, 8.28, 948, 0
2026/10/08 19:14:21.599, P3, 1890, 8.28, 948, 0
2026/10/08 19:14:21.864, P3, 1890, 12.29, 948, 1
2026/10/08 19:14:22.126, P3, 1890, 12.29, 948, 1
2026/10/08 19:14:22.389, P3, 1890, 12.22, 948, 0
2026/10/08 19:14:22.652, P3, 1890, 12.22, 948, 0
2026/10/08 19:14:22.914, P4, 885, 9.77, 948, 1
2026/10/08 19:14:23.177, P4, 885, 9.77, 948, 1
2026/10/08 19:14:23.440, P4, 675, 9.21, 948, 0
2026/10/08 19:14:23.703, P4, 675, 9.21, 948, 0
2026/10/08 19:14:23.964, P4, 570, 9.16, 948, 0
2026/10/08 19:14:24.226, P4, 570, 9.16, 948, 0
2026/10/08 19:14:24.486, P4, 465, 9.05, 948, 2
2026/10/08 19:14:24.748, P4, 360, 8.98, 948, 0
2026/10/08 19:14:25.010, P4, 360, 8.98, 948, 0
2026/10/08 19:14:25.273, P5, 285, 8.49, 948, 3
2026/10/08 19:14:25.536, P5, 285, 8.49, 948, 3
2026/10/08 19:14:25.797, P5, 240, 7.86, 948, 0
2026/10/08 19:14:26.061, P5, 240, 7.86, 948, 0
2026/10/08 19:14:26.323, P5, 210, 7.64, 948, 0
2026/10/08 19:14:26.586, P5, 210, 7.64, 948, 0
2026/10/08 19:14:26.849, P8, 210, 7.35, 948, 6
2026/10/08 19:14:27.112, P8, 210, 7.35, 948, 6
2026/10/08 19:14:27.374, P8, 210, 6.01, 948, 0
2026/10/08 19:14:27.635, P8, 210, 6.01, 948, 0
2026/10/08 19:14:27.897, P8, 210, 4.74, 948, 6
2026/10/08 19:14:28.160, P8, 210, 4.74, 948, 6
2026/10/08 19:14:28.421, P8, 210, 4.75, 948, 0
2026/10/08 19:14:28.681, P8, 210, 4.75, 948, 0
2026/10/08 19:14:28.944, P8, 210, 4.68, 948, 0
2026/10/08 19:14:29.207, P8, 210, 4.68, 948, 0
2026/10/08 19:14:29.470, P8, 210, 4.62, 948, 6
2026/10/08 19:14:29.732, P8, 210, 4.62, 948, 6
2026/10/08 19:14:29.995, P8, 210, 4.68, 948, 0
2026/10/08 19:14:30.256, P8, 210, 4.72, 948, 6
2026/10/08 19:14:30.519, P8, 210, 4.72, 948, 6
2026/10/08 19:14:30.782, P8, 210, 4.66, 948, 0
2026/10/08 19:14:31.043, P8, 210, 4.66, 948, 0
2026/10/08 19:14:31.305, P8, 210, 4.62, 948, 0
2026/10/08 19:14:31.568, P8, 210, 4.62, 948, 0
2026/10/08 19:14:31.829, P8, 210, 4.70, 948, 6
2026/10/08 19:14:32.092, P8, 210, 4.70, 948, 6
2026/10/08 19:14:32.353, P8, 210, 4.73, 948, 0
2026/10/08 19:14:32.615, P8, 210, 4.73, 948, 0
2026/10/08 19:14:32.876, P8, 210, 4.68, 948, 6
2026/10/08 19:14:33.138, P8, 210, 4.68, 948, 6
2026/10/08 19:14:33.400, P8, 210, 4.62, 948, 0
2026/10/08 19:14:33.661, P8, 210, 4.62, 948, 0
2026/10/08 19:14:33.923, P8, 210, 4.66, 948, 0
2026/10/08 19:14:34.186, P8, 210, 4.66, 948, 0
2026/10/08 19:14:34.447, P8, 210, 4.69, 948, 6
2026/10/08 19:14:34.709, P8, 210, 4.69, 948, 6
2026/10/08 19:14:34.971, P8, 210, 4.63, 948, 0
2026/10/08 19:14:35.232, P8, 210, 4.63, 948, 0
2026/10/08 19:14:35.495, P8, 210, 4.60, 948, 6
2026/10/08 19:14:35.757, P8, 210, 4.69, 948, 0
2026/10/08 19:14:36.019, P8, 210, 4.69, 948, 0
2026/10/08 19:14:36.282, P8, 210, 4.71, 948, 0
2026/10/08 19:14:36.543, P8, 210, 4.71, 948, 0
2026/10/08 19:14:36.805, P8, 210, 4.67, 948, 6
2026/10/08 19:14:37.067, P8, 210, 4.67, 948, 6
2026/10/08 19:14:37.329, P8, 210, 4.63, 948, 0
2026/10/08 19:14:37.591, P8, 210, 4.63, 948, 0
2026/10/08 19:14:37.854, P8, 210, 4.69, 948, 6
2026/10/08 19:14:38.116, P8, 210, 4.69, 948, 6
2026/10/08 19:14:38.379, P8, 210, 4.72, 948, 0
2026/10/08 19:14:38.640, P8, 210, 4.72, 948, 0
2026/10/08 19:14:38.901, P8, 210, 4.66, 948, 2
2026/10/08 19:14:39.161, P8, 210, 4.66, 948, 2
2026/10/08 19:14:39.424, P8, 210, 4.58, 948, 6
2026/10/08 19:14:39.685, P8, 210, 4.58, 948, 6
2026/10/08 19:14:39.946, P8, 210, 4.65, 948, 0
2026/10/08 19:14:40.208, P8, 210, 4.65, 948, 0
2026/10/08 19:14:40.470, P8, 210, 4.70, 948, 6
2026/10/08 19:14:40.732, P8, 210, 4.70, 948, 6
2026/10/08 19:14:40.994, P8, 210, 4.65, 948, 0
2026/10/08 19:14:41.256, P8, 210, 4.60, 948, 5
2026/10/08 19:14:41.520, P8, 210, 4.60, 948, 5
2026/10/08 19:14:41.780, P8, 210, 4.64, 948, 6
2026/10/08 19:14:42.041, P8, 210, 4.64, 948, 6
2026/10/08 19:14:42.304, P8, 210, 4.69, 948, 0
2026/10/08 19:14:42.567, P8, 210, 4.69, 948, 0
2026/10/08 19:14:42.829, P8, 210, 4.66, 948, 6
2026/10/08 19:14:43.090, P8, 210, 4.66, 948, 6
2026/10/08 19:14:43.352, P8, 210, 4.60, 948, 0
2026/10/08 19:14:43.614, P8, 210, 4.60, 948, 0
2026/10/08 19:14:43.876, P8, 210, 4.64, 948, 6
2026/10/08 19:14:44.138, P8, 210, 4.64, 948, 6
2026/10/08 19:14:44.401, P8, 210, 4.69, 948, 6
2026/10/08 19:14:44.663, P8, 210, 4.69, 948, 6
2026/10/08 19:14:44.924, P8, 210, 4.66, 948, 0
2026/10/08 19:14:45.188, P8, 210, 4.66, 948, 0
2026/10/08 19:14:45.451, P8, 210, 4.62, 948, 6
2026/10/08 19:14:45.712, P8, 210, 4.62, 948, 6
2026/10/08 19:14:45.973, P8, 210, 4.63, 948, 0
2026/10/08 19:14:46.234, P8, 210, 4.63, 948, 0
2026/10/08 19:14:46.496, P8, 210, 4.70, 948, 6
2026/10/08 19:14:46.758, P8, 210, 4.69, 948, 6
2026/10/08 19:14:47.019, P8, 210, 4.69, 948, 6
2026/10/08 19:14:47.281, P8, 210, 4.61, 948, 0
2026/10/08 19:14:47.542, P8, 210, 4.61, 948, 0
2026/10/08 19:14:47.804, P8, 210, 4.66, 948, 6
2026/10/08 19:14:48.065, P8, 210, 4.66, 948, 6
2026/10/08 19:14:48.325, P8, 210, 4.69, 948, 0
2026/10/08 19:14:48.587, P8, 210, 4.69, 948, 0
2026/10/08 19:14:48.848, P8, 210, 4.69, 948, 6
2026/10/08 19:14:49.109, P8, 210, 4.69, 948, 6
2026/10/08 19:14:49.372, P8, 210, 4.60, 948, 6
2026/10/08 19:14:49.633, P8, 210, 4.60, 948, 6
2026/10/08 19:14:49.894, P8, 210, 4.61, 948, 0
2026/10/08 19:14:50.156, P8, 210, 4.61, 948, 0
2026/10/08 19:14:50.417, P8, 210, 4.71, 948, 6
2026/10/08 19:14:50.678, P8, 210, 4.71, 948, 6
2026/10/08 19:14:50.938, P8, 210, 4.67, 948, 0
2026/10/08 19:14:51.200, P8, 210, 4.67, 948, 0
2026/10/08 19:14:51.462, P8, 210, 4.60, 948, 6
2026/10/08 19:14:51.723, P8, 210, 4.60, 948, 6
2026/10/08 19:14:51.985, P8, 210, 4.64, 948, 4
2026/10/08 19:14:52.248, P8, 210, 4.69, 948, 0
2026/10/08 19:14:52.511, P8, 210, 4.69, 948, 0
2026/10/08 19:14:52.772, P8, 210, 4.70, 948, 6
2026/10/08 19:14:53.033, P8, 210, 4.70, 948, 6
2026/10/08 19:14:53.295, P8, 210, 4.63, 948, 0
2026/10/08 19:14:53.556, P8, 210, 4.63, 948, 0
2026/10/08 19:14:53.818, P8, 210, 4.93, 948, 91
2026/10/08 19:14:54.080, P8, 210, 4.93, 948, 91
2026/10/08 19:14:54.343, P3, 1890, 8.49, 948, 0
2026/10/08 19:14:54.607, P3, 1890, 8.49, 948, 0
2026/10/08 19:14:54.870, P3, 1890, 12.43, 948, 0
2026/10/08 19:14:55.131, P3, 1890, 12.43, 948, 0
2026/10/08 19:14:55.395, P3, 1890, 16.53, 948, 34
2026/10/08 19:14:55.657, P3, 1890, 16.53, 948, 34
2026/10/08 19:14:55.918, P4, 915, 11.00, 948, 0
2026/10/08 19:14:56.180, P4, 915, 11.00, 948, 0
2026/10/08 19:14:56.442, P4, 690, 9.26, 948, 1
2026/10/08 19:14:56.703, P4, 690, 9.26, 948, 1
2026/10/08 19:14:56.966, P4, 585, 9.16, 948, 0
2026/10/08 19:14:57.228, P4, 585, 9.16, 948, 0
2026/10/08 19:14:57.489, P4, 450, 8.98, 948, 0
2026/10/08 19:14:57.752, P4, 375, 8.99, 948, 2
2026/10/08 19:14:58.013, P4, 375, 8.99, 948, 2
2026/10/08 19:14:58.275, P5, 285, 8.53, 948, 0
2026/10/08 19:14:58.537, P5, 285, 8.53, 948, 0
2026/10/08 19:14:58.798, P5, 240, 8.00, 948, 3
2026/10/08 19:14:59.059, P5, 240, 8.00, 948, 3
2026/10/08 19:14:59.321, P5, 210, 7.66, 948, 0
2026/10/08 19:14:59.583, P5, 210, 7.66, 948, 0
2026/10/08 19:14:59.844, P8, 210, 7.30, 948, 0
2026/10/08 19:15:00.108, P8, 210, 7.30, 948, 0
2026/10/08 19:15:00.369, P8, 210, 6.00, 948, 6
2026/10/08 19:15:00.632, P8, 210, 6.00, 948, 6
2026/10/08 19:15:00.894, P8, 210, 4.76, 948, 0
2026/10/08 19:15:01.157, P8, 210, 4.76, 948, 0
2026/10/08 19:15:01.418, P8, 210, 4.70, 948, 6
2026/10/08 19:15:01.678, P8, 210, 4.70, 948, 6
2026/10/08 19:15:01.940, P8, 210, 4.67, 948, 0
2026/10/08 19:15:02.203, P8, 210, 4.67, 948, 0
2026/10/08 19:15:02.466, P8, 210, 4.68, 948, 0
2026/10/08 19:15:02.729, P8, 210, 4.68, 948, 0
2026/10/08 19:15:02.991, P8, 210, 4.69, 948, 6
2026/10/08 19:15:03.253, P8, 210, 4.64, 948, 0
2026/10/08 19:15:03.515, P8, 210, 4.64, 948, 0
2026/10/08 19:15:03.778, P8, 210, 4.58, 948, 6
2026/10/08 19:15:04.040, P8, 210, 4.58, 948, 6
2026/10/08 19:15:04.300, P8, 210, 4.50, 948, 0
2026/10/08 19:15:04.562, P8, 210, 4.50, 948, 0
2026/10/08 19:15:04.825, P8, 210, 4.58, 948, 0
2026/10/08 19:15:05.088, P8, 210, 4.58, 948, 0
2026/10/08 19:15:05.349, P8, 210, 4.61, 948, 6
2026/10/08 19:15:05.611, P8, 210, 4.61, 948, 6
2026/10/08 19:15:05.873, P8, 210, 4.63, 948, 0
2026/10/08 19:15:06.135, P8, 210, 4.63, 948, 0
2026/10/08 19:15:06.396, P8, 210, 4.66, 948, 6
2026/10/08 19:15:06.658, P8, 210, 4.66, 948, 6
2026/10/08 19:15:06.921, P8, 210, 4.74, 948, 0
2026/10/08 19:15:07.182, P8, 210, 4.74, 948, 0
2026/10/08 19:15:07.442, P8, 210, 4.70, 948, 0
2026/10/08 19:15:07.704, P8, 210, 4.70, 948, 0
2026/10/08 19:15:07.966, P8, 210, 4.63, 948, 6
2026/10/08 19:15:08.228, P8, 210, 4.63, 948, 6
2026/10/08 19:15:08.491, P8, 210, 4.63, 948, 0
2026/10/08 19:15:08.754, P8, 210, 4.67, 948, 6
2026/10/08 19:15:09.016, P8, 210, 4.67, 948, 6
2026/10/08 19:15:09.278, P8, 210, 4.64, 948, 0
2026/10/08 19:15:09.541, P8, 210, 4.64, 948, 0
2026/10/08 19:15:09.803, P8, 210, 4.61, 948, 0
2026/10/08 19:15:10.065, P8, 210, 4.61, 948, 0
2026/10/08 19:15:10.328, P8, 210, 4.64, 948, 6
2026/10/08 19:15:10.592, P8, 210, 4.64, 948, 6
2026/10/08 19:15:10.854, P8, 210, 4.69, 948, 0
2026/10/08 19:15:11.115, P8, 210, 4.69, 948, 0
2026/10/08 19:15:11.376, P8, 210, 4.70, 948, 6
2026/10/08 19:15:11.639, P8, 210, 4.70, 948, 6
2026/10/08 19:15:11.899, P8, 210, 4.64, 948, 0
2026/10/08 19:15:12.162, P8, 210, 4.64, 948, 0
2026/10/08 19:15:12.426, P8, 210, 4.61, 948, 3
2026/10/08 19:15:12.688, P8, 210, 4.61, 948, 3
2026/10/08 19:15:12.952, P8, 210, 4.65, 948, 6
2026/10/08 19:15:13.214, P8, 210, 4.65, 948, 6
2026/10/08 19:15:13.475, P8, 210, 4.64, 948, 0
2026/10/08 19:15:13.735, P8, 210, 4.64, 948, 0
2026/10/08 19:15:13.997, P8, 210, 4.61, 948, 6
2026/10/08 19:15:14.261, P3, 210, 5.48, 948, 96
2026/10/08 19:15:14.524, P3, 210, 5.48, 948, 96
2026/10/08 19:15:14.788, P3, 2100, 11.47, 948, 38
2026/10/08 19:15:15.049, P3, 2100, 11.47, 948, 38
2026/10/08 19:15:15.310, P3, 2100, 23.63, 948, 38
2026/10/08 19:15:15.573, P3, 2100, 23.63, 948, 38
2026/10/08 19:15:15.834, P3, 2100, 13.35, 948, 0
2026/10/08 19:15:16.096, P3, 2100, 13.35, 948, 0
2026/10/08 19:15:16.359, P4, 960, 13.49, 948, 1
2026/10/08 19:15:16.621, P4, 960, 13.49, 948, 1
2026/10/08 19:15:16.885, P4, 810, 9.21, 948, 0
2026/10/08 19:15:17.147, P4, 810, 9.21, 948, 0
2026/10/08 19:15:17.410, P4, 615, 8.96, 948, 2
2026/10/08 19:15:17.672, P4, 615, 8.96, 948, 2
2026/10/08 19:15:17.935, P4, 510, 8.91, 948, 2
2026/10/08 19:15:18.199, P4, 510, 8.91, 948, 2
2026/10/08 19:15:18.461, P4, 390, 8.93, 948, 0
2026/10/08 19:15:18.723, P4, 390, 8.93, 948, 0
2026/10/08 19:15:18.986, P4, 330, 8.94, 948, 2
2026/10/08 19:15:19.246, P4, 330, 8.94, 948, 2
2026/10/08 19:15:19.508, P5, 255, 7.43, 948, 0
2026/10/08 19:15:19.771, P5, 210, 7.57, 948, 4
2026/10/08 19:15:20.033, P5, 210, 7.57, 948, 4
2026/10/08 19:15:20.294, P5, 210, 7.56, 948, 3
2026/10/08 19:15:20.556, P5, 210, 7.56, 948, 3
2026/10/08 19:15:20.818, P8, 210, 7.29, 948, 0
2026/10/08 19:15:21.081, P8, 210, 7.29, 948, 0
2026/10/08 19:15:21.344, P8, 210, 6.00, 948, 6
2026/10/08 19:15:21.606, P8, 210, 6.00, 948, 6
2026/10/08 19:15:21.868, P8, 210, 4.68, 948, 0
2026/10/08 19:15:22.130, P8, 210, 4.68, 948, 0
2026/10/08 19:15:22.393, P8, 210, 4.67, 948, 6
2026/10/08 19:15:22.655, P8, 210, 4.67, 948, 6
2026/10/08 19:15:22.915, P8, 210, 4.69, 948, 5
2026/10/08 19:15:23.177, P8, 210, 4.69, 948, 5
2026/10/08 19:15:23.439, P8, 210, 4.62, 948, 0
2026/10/08 19:15:23.702, P8, 210, 4.62, 948, 0
2026/10/08 19:15:23.964, P8, 210, 4.58, 948, 6
2026/10/08 19:15:24.225, P8, 210, 4.58, 948, 6
2026/10/08 19:15:24.488, P8, 210, 4.63, 948, 0
2026/10/08 19:15:24.750, P8, 210, 4.66, 948, 6
2026/10/08 19:15:25.011, P8, 210, 4.66, 948, 6
2026/10/08 19:15:25.273, P8, 210, 4.61, 948, 3
2026/10/08 19:15:25.535, P8, 210, 4.61, 948, 3
2026/10/08 19:15:25.798, P8, 210, 4.57, 948, 0
2026/10/08 19:15:26.061, P8, 210, 4.57, 948, 0
2026/10/08 19:15:26.324, P8, 210, 4.61, 948, 6
2026/10/08 19:15:26.588, P8, 210, 4.61, 948, 6
2026/10/08 19:15:26.852, P8, 210, 4.66, 948, 0
2026/10/08 19:15:27.114, P8, 210, 4.66, 948, 0
2026/10/08 19:15:27.376, P8, 210, 4.63, 948, 6
2026/10/08 19:15:27.638, P8, 210, 4.63, 948, 6
2026/10/08 19:15:27.900, P8, 210, 4.58, 948, 0
2026/10/08 19:15:28.162, P8, 210, 4.58, 948, 0
2026/10/08 19:15:28.425, P8, 210, 4.60, 948, 0
2026/10/08 19:15:28.688, P8, 210, 4.60, 948, 0
2026/10/08 19:15:28.949, P8, 210, 4.65, 948, 6
2026/10/08 19:15:29.210, P8, 210, 4.65, 948, 6
2026/10/08 19:15:29.472, P8, 210, 4.63, 948, 0
2026/10/08 19:15:29.734, P8, 210, 4.63, 948, 0
2026/10/08 19:15:29.995, P8, 210, 4.60, 948, 6
2026/10/08 19:15:30.257, P8, 210, 4.62, 948, 0
2026/10/08 19:15:30.520, P8, 210, 4.62, 948, 0
2026/10/08 19:15:30.782, P8, 210, 4.68, 948, 0
2026/10/08 19:15:31.045, P8, 210, 4.68, 948, 0
2026/10/08 19:15:31.307, P8, 210, 4.64, 948, 6
2026/10/08 19:15:31.570, P8, 210, 4.64, 948, 6
2026/10/08 19:15:31.833, P8, 210, 4.61, 948, 0
2026/10/08 19:15:32.096, P8, 210, 4.61, 948, 0
2026/10/08 19:15:32.361, P8, 210, 4.65, 948, 6
2026/10/08 19:15:32.625, P8, 210, 4.65, 948, 6
2026/10/08 19:15:32.888, P8, 210, 4.67, 948, 0
2026/10/08 19:15:33.151, P8, 210, 4.67, 948, 0
2026/10/08 19:15:33.414, P8, 210, 4.62, 948, 0
2026/10/08 19:15:33.676, P8, 210, 4.62, 948, 0
2026/10/08 19:15:33.938, P8, 210, 4.59, 948, 6
2026/10/08 19:15:34.201, P8, 210, 4.59, 948, 6
2026/10/08 19:15:34.461, P8, 210, 4.73, 948, 55
2026/10/08 19:15:34.724, P8, 210, 4.73, 948, 55
2026/10/08 19:15:34.986, P3, 1890, 7.68, 948, 1
2026/10/08 19:15:35.248, P3, 1890, 7.68, 948, 1
2026/10/08 19:15:35.511, P0, 2430, 29.89, 948, 52
2026/10/08 19:15:35.774, P0, 2595, 41.00, 948, 47
2026/10/08 19:15:36.036, P0, 2595, 41.00, 948, 47
2026/10/08 19:15:36.298, P0, 2595, 36.76, 948, 45
2026/10/08 19:15:36.559, P0, 2595, 36.76, 948, 45
2026/10/08 19:15:36.822, P0, 2595, 57.57, 948, 58
2026/10/08 19:15:37.085, P0, 2595, 57.57, 948, 58
2026/10/08 19:15:37.349, P0, 2565, 42.87, 948, 49
2026/10/08 19:15:37.611, P0, 2565, 42.87, 948, 49
2026/10/08 19:15:37.876, P0, 2595, 43.31, 948, 55
2026/10/08 19:15:38.137, P0, 2595, 43.31, 948, 55
2026/10/08 19:15:38.399, P0, 2595, 46.92, 948, 52
2026/10/08 19:15:38.663, P0, 2595, 46.92, 948, 52
2026/10/08 19:15:38.927, P0, 2595, 46.14, 948, 55
2026/10/08 19:15:39.188, P0, 2595, 46.14, 948, 55
2026/10/08 19:15:39.452, P0, 2595, 45.07, 948, 53
2026/10/08 19:15:39.713, P0, 2595, 45.07, 948, 53
2026/10/08 19:15:39.977, P0, 2550, 42.15, 948, 40
2026/10/08 19:15:40.238, P0, 2550, 42.15, 948, 40
2026/10/08 19:15:40.500, P0, 2595, 33.31, 948, 21
2026/10/08 19:15:40.762, P0, 2595, 20.39, 948, 5
2026/10/08 19:15:41.023, P0, 2595, 20.39, 948, 5
2026/10/08 19:15:41.285, P0, 2595, 20.28, 948, 1
2026/10/08 19:15:41.548, P0, 2595, 20.28, 948, 1
2026/10/08 19:15:41.810, P3, 1470, 10.36, 948, 0
2026/10/08 19:15:42.073, P3, 1470, 10.36, 948, 0
2026/10/08 19:15:42.336, P0, 1170, 12.78, 948, 1
2026/10/08 19:15:42.600, P0, 1170, 12.78, 948, 1
2026/10/08 19:15:42.861, P4, 975, 9.26, 948, 0
2026/10/08 19:15:43.122, P4, 975, 9.26, 948, 0
2026/10/08 19:15:43.384, P4, 750, 9.02, 948, 1
2026/10/08 19:15:43.646, P4, 750, 9.02, 948, 1
2026/10/08 19:15:43.907, P4, 630, 8.80, 948, 2
2026/10/08 19:15:44.170, P4, 630, 8.80, 948, 2
2026/10/08 19:15:44.434, P4, 510, 9.73, 948, 0
2026/10/08 19:15:44.696, P4, 510, 9.73, 948, 0
2026/10/08 19:15:44.958, P4, 435, 8.87, 948, 2
2026/10/08 19:15:45.220, P4, 435, 8.87, 948, 2
2026/10/08 19:15:45.482, P4, 330, 8.85, 948, 0
2026/10/08 19:15:45.743, P4, 330, 8.85, 948, 0
2026/10/08 19:15:46.005, P4, 270, 8.82, 948, 2
2026/10/08 19:15:46.268, P4, 210, 8.78, 948, 2
2026/10/08 19:15:46.530, P4, 210, 8.78, 948, 2
2026/10/08 19:15:46.792, P3, 1890, 10.53, 948, 40
2026/10/08 19:15:47.054, P3, 1890, 10.53, 948, 40
2026/10/08 19:15:47.318, P3, 1890, 11.92, 948, 1
2026/10/08 19:15:47.579, P3, 1890, 11.92, 948, 1
2026/10/08 19:15:47.840, P3, 1890, 12.24, 948, 0
2026/10/08 19:15:48.102, P3, 1890, 12.24, 948, 0
2026/10/08 19:15:48.363, P3, 1890, 11.78, 948, 1
2026/10/08 19:15:48.626, P3, 1890, 11.78, 948, 1
2026/10/08 19:15:48.888, P4, 435, 11.03, 948, 2
2026/10/08 19:15:49.150, P4, 435, 11.03, 948, 2
2026/10/08 19:15:49.412, P4, 495, 10.91, 948, 21
2026/10/08 19:15:49.676, P4, 495, 10.91, 948, 21
2026/10/08 19:15:49.939, P4, 495, 8.84, 948, 2
