2026/10/08 18:37:18.310, P3, 1890, 11.59, 948, 1
2026/10/08 18:37:18.573, P3, 1890, 11.59, 1137, 1
2026/10/08 18:37:18.836, P3, 1890, 11.73, 1137, 0
2026/10/08 18:37:19.098, P3, 1890, 11.73, 1137, 0
2026/10/08 18:37:19.360, P3, 1890, 11.55, 1137, 1
2026/10/08 18:37:19.621, P3, 1890, 11.55, 1137, 1
2026/10/08 18:37:19.884, P3, 1890, 11.52, 1137, 0
2026/10/08 18:37:20.145, P3, 1890, 11.52, 1137, 0
2026/10/08 18:37:20.408, P3, 1890, 11.84, 1137, 1
2026/10/08 18:37:20.671, P3, 1890, 11.84, 1137, 1
2026/10/08 18:37:20.933, P3, 1890, 11.50, 1137, 1
2026/10/08 18:37:21.196, P3, 1890, 11.50, 1137, 1
2026/10/08 18:37:21.458, P3, 1890, 11.56, 1137, 0
2026/10/08 18:37:21.719, P3, 1890, 11.56, 1137, 0
2026/10/08 18:37:21.981, P3, 1890, 11.53, 1137, 1
2026/10/08 18:37:22.243, P3, 1890, 11.53, 1137, 1
2026/10/08 18:37:22.504, P3, 1890, 11.63, 1137, 0
2026/10/08 18:37:22.766, P3, 1890, 11.55, 1137, 1
2026/10/08 18:37:23.029, P3, 1890, 11.55, 1137, 1
2026/10/08 18:37:23.291, P3, 1890, 12.42, 1137, 0
2026/10/08 18:37:23.552, P3, 1890, 12.42, 1137, 0
2026/10/08 18:37:23.814, P3, 1890, 11.56, 1137, 0
2026/10/08 18:37:24.075, P3, 1890, 11.56, 1137, 0
2026/10/08 18:37:24.337, P3, 1890, 11.59, 1137, 1
2026/10/08 18:37:24.599, P3, 1890, 11.59, 1137, 1
2026/10/08 18:37:24.863, P3, 1890, 11.54, 1137, 0
2026/10/08 18:37:25.127, P3, 1890, 11.54, 1137, 0
2026/10/08 18:37:25.390, P3, 1890, 11.54, 1137, 1
2026/10/08 18:37:25.653, P3, 1890, 11.54, 1137, 1
2026/10/08 18:37:25.913, P8, 360, 9.57, 1137, 0
2026/10/08 18:37:26.176, P8, 360, 9.57, 1137, 0
2026/10/08 18:37:26.438, P8, 300, 6.68, 1137, 0
2026/10/08 18:37:26.700, P8, 300, 6.68, 1137, 0
2026/10/08 18:37:26.963, P8, 240, 4.59, 1137, 6
2026/10/08 18:37:27.226, P8, 240, 4.59, 1137, 6
2026/10/08 18:37:27.489, P8, 210, 4.03, 1137, 0
2026/10/08 18:37:27.751, P8, 210, 4.03, 1137, 0
2026/10/08 18:37:28.015, P8, 210, 3.97, 1137, 6
2026/10/08 18:37:28.277, P8, 210, 3.87, 1137, 0
2026/10/08 18:37:28.540, P8, 210, 3.87, 1137, 0
2026/10/08 18:37:28.804, P8, 210, 3.83, 1137, 0
2026/10/08 18:37:29.067, P8, 210, 3.83, 1137, 0
2026/10/08 18:37:29.329, P8, 210, 3.89, 1137, 6
2026/10/08 18:37:29.591, P8, 210, 3.89, 1137, 6
2026/10/08 18:37:29.854, P8, 210, 3.85, 1137, 0
2026/10/08 18:37:30.116, P8, 210, 3.85, 1137, 0
2026/10/08 18:37:30.380, P8, 210, 3.83, 1137, 6
2026/10/08 18:37:30.642, P8, 210, 3.83, 1137, 6
2026/10/08 18:37:30.905, P8, 210, 3.81, 1137, 0
2026/10/08 18:37:31.168, P8, 210, 3.81, 1137, 0
2026/10/08 18:37:31.431, P8, 210, 3.86, 1137, 0
2026/10/08 18:37:31.694, P8, 210, 3.86, 1137, 0
2026/10/08 18:37:31.955, P8, 210, 3.88, 1137, 6
2026/10/08 18:37:32.218, P8, 210, 3.88, 1137, 6
2026/10/08 18:37:32.480, P8, 210, 4.48, 1137, 0
2026/10/08 18:37:32.743, P8, 210, 4.48, 1137, 0
2026/10/08 18:37:33.006, P8, 210, 4.49, 1137, 6
2026/10/08 18:37:33.269, P8, 210, 4.44, 1137, 0
2026/10/08 18:37:33.531, P8, 210, 4.44, 1137, 0
2026/10/08 18:37:33.794, P8, 210, 4.69, 1137, 0
2026/10/08 18:37:34.057, P8, 210, 4.69, 1137, 0
2026/10/08 18:37:34.319, P8, 210, 4.61, 1137, 6
2026/10/08 18:37:34.582, P8, 210, 4.61, 1137, 6
2026/10/08 18:37:34.844, P8, 210, 4.62, 1137, 0
2026/10/08 18:37:35.107, P8, 210, 4.62, 1137, 0
2026/10/08 18:37:35.369, P8, 210, 4.51, 1137, 6
2026/10/08 18:37:35.631, P8, 210, 4.51, 1137, 6
2026/10/08 18:37:35.893, P8, 210, 4.37, 1137, 0
2026/10/08 18:37:36.156, P8, 210, 4.37, 1137, 0
2026/10/08 18:37:36.419, P8, 210, 4.21, 1137, 0
2026/10/08 18:37:36.681, P8, 210, 4.21, 1137, 0
2026/10/08 18:37:36.945, P8, 210, 4.50, 1137, 6
2026/10/08 18:37:37.207, P8, 210, 4.50, 1137, 6
2026/10/08 18:37:37.468, P8, 210, 4.59, 1137, 0
2026/10/08 18:37:37.731, P8, 210, 4.59, 1137, 0
2026/10/08 18:37:37.994, P8, 210, 4.71, 1137, 6
2026/10/08 18:37:38.257, P8, 210, 4.54, 1137, 0
2026/10/08 18:37:38.520, P8, 210, 4.54, 1137, 0
2026/10/08 18:37:38.781, P8, 210, 4.49, 1137, 0
2026/10/08 18:37:39.043, P8, 210, 4.49, 1137, 0
2026/10/08 18:37:39.303, P8, 210, 4.61, 1137, 6
2026/10/08 18:37:39.565, P8, 210, 4.61, 1137, 6
2026/10/08 18:37:39.826, P8, 210, 4.45, 1137, 0
2026/10/08 18:37:40.089, P8, 210, 4.45, 1137, 0
2026/10/08 18:37:40.354, P8, 210, 7.09, 1137, 69
2026/10/08 18:37:40.618, P8, 210, 7.09, 1137, 69
2026/10/08 18:37:40.880, P3, 1890, 11.81, 1137, 0
2026/10/08 18:37:41.141, P3, 1890, 11.81, 1137, 0
2026/10/08 18:37:41.404, P3, 1890, 11.70, 1137, 1
2026/10/08 18:37:41.667, P3, 1890, 11.70, 1137, 1
2026/10/08 18:37:41.929, P3, 1890, 11.61, 1137, 1
2026/10/08 18:37:42.191, P3, 1890, 11.61, 1137, 1
2026/10/08 18:37:42.454, P5, 510, 10.08, 1137, 0
2026/10/08 18:37:42.715, P5, 510, 10.08, 1137, 0
2026/10/08 18:37:42.977, P4, 465, 11.48, 1137, 87
2026/10/08 18:37:43.239, P4, 465, 11.48, 1137, 87
2026/10/08 18:37:43.502, P4, 1980, 16.94, 1137, 25
2026/10/08 18:37:43.765, P3, 1980, 18.00, 1137, 24
2026/10/08 18:37:44.028, P3, 1980, 18.00, 1137, 24
2026/10/08 18:37:44.291, P0, 1980, 36.09, 1137, 26
2026/10/08 18:37:44.554, P0, 1980, 36.09, 1137, 26
2026/10/08 18:37:44.817, P0, 1980, 22.09, 1137, 12
2026/10/08 18:37:45.079, P0, 1980, 22.09, 1137, 12
2026/10/08 18:37:45.341, P0, 1785, 27.62, 1137, 28
2026/10/08 18:37:45.604, P0, 1785, 27.62, 1137, 28
2026/10/08 18:37:45.868, P0, 1980, 39.80, 1137, 29
2026/10/08 18:37:46.131, P0, 1980, 39.80, 1137, 29
2026/10/08 18:37:46.393, P0, 2160, 23.76, 1137, 23
2026/10/08 18:37:46.656, P0, 2160, 23.76, 1137, 23
2026/10/08 18:37:46.921, P0, 2265, 24.67, 1137, 23
2026/10/08 18:37:47.185, P0, 2265, 24.67, 1137, 23
2026/10/08 18:37:47.446, P0, 2370, 27.98, 1137, 22
2026/10/08 18:37:47.709, P0, 2370, 27.98, 1137, 22
2026/10/08 18:37:47.971, P0, 2415, 23.84, 1137, 19
2026/10/08 18:37:48.233, P0, 2415, 23.84, 1137, 19
2026/10/08 18:37:48.495, P0, 2460, 27.22, 1137, 22
2026/10/08 18:37:48.756, P0, 2460, 27.22, 1137, 22
2026/10/08 18:37:49.020, P0, 2460, 27.43, 1137, 23
2026/10/08 18:37:49.281, P0, 2595, 30.78, 1137, 21
2026/10/08 18:37:49.543, P0, 2595, 30.78, 1137, 21
2026/10/08 18:37:49.805, P0, 2595, 30.82, 1137, 17
2026/10/08 18:37:50.068, P0, 2595, 30.82, 1137, 17
2026/10/08 18:37:50.331, P0, 2595, 33.14, 1137, 26
2026/10/08 18:37:50.594, P0, 2595, 33.14, 1137, 26
2026/10/08 18:37:50.859, P0, 2295, 30.66, 1137, 24
2026/10/08 18:37:51.122, P0, 2295, 30.66, 1137, 24
2026/10/08 18:37:51.385, P0, 2190, 26.00, 1137, 15
2026/10/08 18:37:51.646, P0, 2190, 26.00, 1137, 15
2026/10/08 18:37:51.907, P0, 2040, 24.45, 1137, 25
2026/10/08 18:37:52.170, P0, 2040, 24.45, 1137, 25
2026/10/08 18:37:52.433, P0, 1980, 18.31, 1137, 16
2026/10/08 18:37:52.694, P0, 1980, 18.31, 1137, 16
2026/10/08 18:37:52.957, P0, 2190, 24.53, 1137, 26
2026/10/08 18:37:53.220, P0, 2190, 24.53, 1137, 26
2026/10/08 18:37:53.483, P0, 2190, 26.32, 1137, 22
2026/10/08 18:37:53.745, P0, 2190, 26.32, 1137, 22
2026/10/08 18:37:54.007, P0, 2190, 25.54, 1137, 24
2026/10/08 18:37:54.271, P0, 2265, 25.51, 1137, 20
2026/10/08 18:37:54.533, P0, 2265, 25.51, 1137, 20
2026/10/08 18:37:54.795, P0, 2265, 39.10, 1137, 22
2026/10/08 18:37:55.058, P0, 2265, 39.10, 1137, 22
2026/10/08 18:37:55.323, P0, 2265, 22.26, 1151, 1
2026/10/08 18:37:55.585, P0, 2265, 22.26, 1151, 1
2026/10/08 18:37:55.847, P3, 1275, 18.72, 1151, 0
2026/10/08 18:37:56.108, P3, 1275, 18.72, 1151, 0
2026/10/08 18:37:56.371, P3, 1065, 9.45, 1151, 1
2026/10/08 18:37:56.634, P3, 1065, 9.45, 1151, 1
2026/10/08 18:37:56.896, P4, 885, 8.93, 1151, 0
2026/10/08 18:37:57.159, P4, 885, 8.93, 1151, 0
2026/10/08 18:37:57.422, P4, 675, 8.87, 1155, 0
2026/10/08 18:37:57.685, P4, 675, 8.87, 1155, 0
2026/10/08 18:37:57.946, P3, 1185, 14.71, 1155, 56
2026/10/08 18:37:58.208, P3, 1185, 14.71, 1155, 56
2026/10/08 18:37:58.472, P3, 1185, 18.05, 1155, 41
2026/10/08 18:37:58.733, P3, 1185, 18.05, 1155, 41
2026/10/08 18:37:58.994, P0, 1425, 19.39, 1155, 49
2026/10/08 18:37:59.257, P0, 1425, 19.39, 1155, 49
2026/10/08 18:37:59.519, P0, 1425, 23.99, 1155, 45
2026/10/08 18:37:59.782, P0, 1500, 25.64, 1155, 41
2026/10/08 18:38:00.045, P0, 1500, 25.64, 1155, 41
2026/10/08 18:38:00.307, P0, 1500, 31.29, 1155, 49
2026/10/08 18:38:00.567, P0, 1500, 31.29, 1155, 49
2026/10/08 18:38:00.830, P0, 1860, 21.59, 1155, 50
2026/10/08 18:38:01.092, P0, 1860, 21.59, 1155, 50
2026/10/08 18:38:01.355, P0, 2490, 44.18, 1155, 46
2026/10/08 18:38:01.616, P0, 2490, 44.18, 1155, 46
2026/10/08 18:38:01.880, P0, 2520, 32.81, 1155, 41
2026/10/08 18:38:02.141, P0, 2520, 32.81, 1155, 41
2026/10/08 18:38:02.404, P0, 2520, 32.78, 1155, 33
2026/10/08 18:38:02.666, P0, 2520, 32.78, 1155, 33
2026/10/08 18:38:02.928, P0, 2520, 34.44, 1155, 42
2026/10/08 18:38:03.190, P0, 2520, 34.44, 1155, 42
2026/10/08 18:38:03.452, P0, 2520, 34.11, 1155, 35
2026/10/08 18:38:03.714, P0, 2520, 34.11, 1155, 35
2026/10/08 18:38:03.977, P0, 2505, 33.92, 1155, 55
2026/10/08 18:38:04.239, P0, 2505, 33.92, 1155, 55
2026/10/08 18:38:04.500, P0, 2595, 35.22, 1155, 32
2026/10/08 18:38:04.764, P0, 2595, 35.24, 1155, 32
2026/10/08 18:38:05.026, P0, 2595, 35.24, 1155, 32
2026/10/08 18:38:05.288, P0, 2565, 38.16, 1155, 42
2026/10/08 18:38:05.550, P0, 2565, 38.16, 1155, 42
2026/10/08 18:38:05.812, P0, 2325, 17.59, 1155, 33
2026/10/08 18:38:06.075, P0, 2325, 17.59, 1155, 33
2026/10/08 18:38:06.337, P0, 2205, 29.15, 1155, 38
2026/10/08 18:38:06.600, P0, 2205, 29.15, 1155, 38
2026/10/08 18:38:06.864, P0, 2280, 40.40, 1155, 43
2026/10/08 18:38:07.126, P0, 2280, 40.40, 1155, 43
2026/10/08 18:38:07.389, P0, 2280, 29.05, 1155, 34
2026/10/08 18:38:07.651, P0, 2280, 29.05, 1155, 34
2026/10/08 18:38:07.914, P0, 2565, 41.74, 1155, 33
2026/10/08 18:38:08.177, P0, 2565, 41.74, 1155, 33
2026/10/08 18:38:08.438, P0, 2550, 32.47, 1155, 32
2026/10/08 18:38:08.699, P0, 2550, 32.47, 1155, 32
2026/10/08 18:38:08.960, P0, 2595, 45.19, 1155, 44
2026/10/08 18:38:09.223, P0, 2595, 45.19, 1155, 44
2026/10/08 18:38:09.486, P0, 2595, 32.78, 1155, 32
2026/10/08 18:38:09.748, P0, 2595, 32.78, 1155, 32
2026/10/08 18:38:10.010, P0, 2595, 32.35, 1155, 33
2026/10/08 18:38:10.273, P0, 2595, 20.02, 1155, 1
2026/10/08 18:38:10.535, P0, 2595, 20.02, 1155, 1
2026/10/08 18:38:10.796, P3, 1440, 10.61, 1155, 0
2026/10/08 18:38:11.059, P3, 1440, 10.61, 1155, 0
2026/10/08 18:38:11.320, P3, 1200, 9.99, 1155, 1
2026/10/08 18:38:11.583, P3, 1200, 9.99, 1155, 1
2026/10/08 18:38:11.844, P4, 915, 9.07, 1155, 0
2026/10/08 18:38:12.108, P4, 915, 9.07, 1155, 0
2026/10/08 18:38:12.370, P4, 825, 9.05, 1155, 36
2026/10/08 18:38:12.633, P4, 825, 9.05, 1155, 36
2026/10/08 18:38:12.896, P4, 990, 13.47, 1155, 36
2026/10/08 18:38:13.159, P4, 990, 13.47, 1155, 36
2026/10/08 18:38:13.422, P3, 1245, 13.73, 1155, 24
2026/10/08 18:38:13.684, P3, 1245, 13.73, 1155, 24
2026/10/08 18:38:13.946, P0, 1470, 11.55, 1155, 24
2026/10/08 18:38:14.208, P0, 1470, 11.55, 1155, 24
2026/10/08 18:38:14.471, P0, 1650, 17.45, 1155, 34
2026/10/08 18:38:14.733, P0, 1650, 17.45, 1155, 34
2026/10/08 18:38:14.995, P0, 1650, 19.94, 1155, 34
2026/10/08 18:38:15.258, P0, 1650, 19.94, 1155, 34
2026/10/08 18:38:15.521, P0, 1740, 22.10, 1155, 30
2026/10/08 18:38:15.785, P0, 1770, 21.10, 1155, 30
2026/10/08 18:38:16.047, P0, 1770, 21.10, 1155, 30
2026/10/08 18:38:16.309, P0, 2595, 30.95, 1155, 25
2026/10/08 18:38:16.570, P0, 2595, 30.95, 1155, 25
2026/10/08 18:38:16.834, P0, 2595, 33.03, 1155, 31
2026/10/08 18:38:17.097, P0, 2595, 33.03, 1155, 31
2026/10/08 18:38:17.358, P0, 2595, 28.72, 1155, 18
2026/10/08 18:38:17.620, P0, 2595, 28.72, 1155, 18
2026/10/08 18:38:17.883, P0, 2595, 32.94, 1155, 29
2026/10/08 18:38:18.144, P0, 2595, 32.94, 1155, 29
2026/10/08 18:38:18.408, P0, 2595, 33.56, 1155, 14
2026/10/08 18:38:18.670, P0, 2595, 33.56, 1155, 14
2026/10/08 18:38:18.933, P0, 2535, 19.57, 1155, 21
2026/10/08 18:38:19.195, P0, 2535, 19.57, 1155, 21
2026/10/08 18:38:19.457, P0, 2535, 22.31, 1155, 18
2026/10/08 18:38:19.719, P0, 2535, 22.31, 1155, 18
2026/10/08 18:38:19.981, P0, 2535, 23.30, 1155, 27
2026/10/08 18:38:20.243, P0, 2535, 23.30, 1155, 27
2026/10/08 18:38:20.506, P0, 2535, 31.77, 1155, 25
2026/10/08 18:38:20.768, P0, 2265, 28.73, 1155, 25
2026/10/08 18:38:21.031, P0, 2265, 28.73, 1155, 25
2026/10/08 18:38:21.293, P0, 2145, 26.80, 1155, 37
2026/10/08 18:38:21.555, P0, 2145, 26.80, 1155, 37
2026/10/08 18:38:21.818, P0, 2025, 15.23, 1155, 23
2026/10/08 18:38:22.081, P0, 2025, 15.23, 1155, 23
2026/10/08 18:38:22.344, P0, 2115, 27.12, 1155, 38
2026/10/08 18:38:22.607, P0, 2115, 27.12, 1155, 38
2026/10/08 18:38:22.870, P0, 2115, 14.76, 1155, 22
2026/10/08 18:38:23.132, P0, 2115, 14.76, 1155, 22
2026/10/08 18:38:23.395, P0, 2115, 23.25, 1155, 21
2026/10/08 18:38:23.657, P0, 2115, 23.25, 1155, 21
2026/10/08 18:38:23.920, P0, 2355, 28.26, 1155, 28
2026/10/08 18:38:24.183, P0, 2355, 28.26, 1155, 28
2026/10/08 18:38:24.445, P0, 2355, 25.32, 1155, 18
2026/10/08 18:38:24.708, P0, 2355, 25.32, 1155, 18
2026/10/08 18:38:24.970, P0, 2355, 16.76, 1155, 1
